{
  "train_loss": [
    0.976402,
    0.865275,
    0.824002,
    0.789326,
    0.797831,
    0.774177,
    0.747781,
    0.733325,
    0.736392,
    0.736369,
    0.724581,
    0.725881,
    0.707091,
    0.7354,
    0.704062,
    0.693299,
    0.712312,
    0.697127,
    0.701171,
    0.690065,
    0.680821,
    0.701938,
    0.686666,
    0.687004,
    0.674475,
    0.493475,
    0.489698,
    0.488302,
    0.484036,
    0.488865,
    0.484053,
    0.50051,
    0.480229,
    0.491899,
    0.485093,
    0.473836,
    0.467732,
    0.469382,
    0.467014,
    0.481306,
    0.47709,
    0.475064,
    0.47214,
    0.477215,
    0.474963,
    0.46303,
    0.482452,
    0.476592,
    0.473388,
    0.472274,
    0.401841,
    0.401137,
    0.401457,
    0.401021,
    0.400909,
    0.400682,
    0.400459,
    0.400315,
    0.400016,
    0.399823,
    0.399142,
    0.398777,
    0.398789,
    0.39893,
    0.398509,
    0.398287,
    0.398347,
    0.398359,
    0.398391,
    0.397999,
    0.398049,
    0.397832,
    0.397615,
    0.3976,
    0.397559,
    0.397501,
    0.397425,
    0.397465,
    0.397343
  ],
  "val_loss": [
    0.99466,
    1.048725,
    0.969558,
    0.947345,
    0.963108,
    0.952422,
    0.961988,
    0.943013,
    0.931572,
    0.941703,
    0.933664,
    0.973929,
    0.949953,
    0.971943,
    0.957824,
    0.96434,
    0.966085,
    1.010885,
    0.915396,
    0.941315,
    0.966467,
    0.956035,
    0.94322,
    0.932308,
    0.9375,
    1.059219,
    1.001651,
    0.949293,
    0.933145,
    0.989493,
    0.943558,
    0.991329,
    0.97209,
    0.993408,
    0.975239,
    0.912942,
    1.000473,
    0.948867,
    0.960805,
    0.943118,
    0.924965,
    0.959878,
    0.929697,
    0.95322,
    0.953168,
    0.933176,
    0.957953,
    0.96301,
    0.919316,
    0.940097,
    0.970734,
    0.959469,
    0.969475,
    0.965761,
    0.960335,
    0.964485,
    0.96213,
    0.976821,
    0.970151,
    0.972757,
    0.96118,
    0.964664,
    0.962456,
    0.967912,
    0.975732,
    0.97058,
    0.981373,
    0.972778,
    0.964297,
    0.969587,
    0.965226,
    0.972212,
    0.963737,
    0.965979,
    0.968071,
    0.965046,
    0.965278,
    0.968087,
    0.971179
  ],
  "val_acc": [
    68.62,
    69.18,
    70.48,
    72.92,
    72.5,
    73.44,
    70.19,
    72.79,
    72.9,
    72.55,
    71.79,
    72.02,
    72.26,
    72.69,
    74.6,
    72.52,
    73.89,
    71.06,
    74.45,
    73.46,
    73.52,
    72.65,
    74.89,
    73.23,
    74.32,
    70.32,
    72.42,
    74.57,
    74.2,
    72.88,
    73.6,
    74.11,
    73.32,
    73.84,
    73.22,
    74.43,
    72.71,
    73.5,
    74.31,
    73.77,
    74.47,
    73.34,
    74.5,
    73.87,
    74.04,
    74.18,
    73.56,
    73.76,
    75.28,
    74.09,
    74.06,
    74.2,
    73.81,
    73.85,
    73.9,
    73.76,
    73.96,
    73.69,
    74.08,
    73.93,
    73.95,
    74.08,
    74.14,
    73.92,
    73.49,
    73.7,
    73.59,
    73.93,
    74.25,
    73.76,
    74.1,
    73.62,
    74.25,
    73.91,
    73.77,
    73.98,
    73.93,
    73.87,
    73.76
  ],
  "val_f1": [
    0.6687,
    0.6608,
    0.6854,
    0.7096,
    0.7031,
    0.7191,
    0.6747,
    0.7055,
    0.7086,
    0.7096,
    0.6946,
    0.6971,
    0.7033,
    0.7039,
    0.7256,
    0.7039,
    0.7234,
    0.6937,
    0.7266,
    0.7164,
    0.7116,
    0.7078,
    0.7269,
    0.7119,
    0.7232,
    0.6843,
    0.7072,
    0.7268,
    0.7214,
    0.7058,
    0.7166,
    0.7217,
    0.7133,
    0.7164,
    0.7131,
    0.7279,
    0.7087,
    0.7169,
    0.7252,
    0.7201,
    0.725,
    0.7169,
    0.7298,
    0.7193,
    0.7215,
    0.7253,
    0.7168,
    0.7203,
    0.7366,
    0.7241,
    0.7242,
    0.7236,
    0.7208,
    0.7203,
    0.7234,
    0.7196,
    0.7222,
    0.7204,
    0.7227,
    0.7212,
    0.7215,
    0.7234,
    0.7235,
    0.7208,
    0.718,
    0.7203,
    0.718,
    0.7216,
    0.7254,
    0.7193,
    0.7229,
    0.7191,
    0.725,
    0.722,
    0.7204,
    0.7221,
    0.7217,
    0.7208,
    0.7192
  ],
  "lr": [
    0.002,
    0.002,
    0.002,
    0.002,
    0.002,
    0.002,
    0.002,
    0.002,
    0.002,
    0.002,
    0.002,
    0.002,
    0.002,
    0.002,
    0.002,
    0.002,
    0.002,
    0.002,
    0.002,
    0.002,
    0.002,
    0.002,
    0.002,
    0.002,
    0.002,
    0.002,
    0.002,
    0.002,
    0.002,
    0.002,
    0.002,
    0.002,
    0.002,
    0.001,
    0.001,
    0.001,
    0.001,
    0.001,
    0.001,
    0.001,
    0.001,
    0.001,
    0.001,
    0.001,
    0.0005,
    0.0005,
    0.0005,
    0.0005,
    0.0005,
    0.0005,
    0.0005,
    0.0005,
    0.0005,
    0.0005,
    0.0005,
    0.0005,
    0.0005,
    0.0005,
    0.0005,
    0.00025,
    0.00025,
    0.00025,
    0.00025,
    0.00025,
    0.00025,
    0.00025,
    0.00025,
    0.00025,
    0.00025,
    0.00025,
    0.000125,
    0.000125,
    0.000125,
    0.000125,
    0.000125,
    0.000125,
    0.000125,
    0.000125,
    0.000125
  ],
  "best_epoch": 49,
  "best_val_acc": 75.28,
  "config": {
    "seed": 123,
    "window_size": 200,
    "window_step": 50,
    "batch_size": 256,
    "lr": 0.002,
    "weight_decay": 0.003,
    "label_smoothing": 0.1,
    "dropout": 0.5,
    "mixup_alpha_early": 0.25,
    "mixup_alpha_mid": 0.05,
    "mixup_off_epoch": 50,
    "gaussian_noise_std": 0.03,
    "max_epochs": 100,
    "patience": 30,
    "channels": [
      64,
      128,
      256
    ],
    "kernel_sizes": [
      15,
      7,
      3
    ]
  }
}